<SMS_Roles>
  <SMS_Role CopiedFromID="SMS0009R" RoleName="1-AppAdmin" RoleDescription="Perform both the Application Deployment Manager and the Application Author role. Administrative users can also manage queries, view site settings, manage collections, edit settings for user device affinity, and manage App-V virtual environments.">
    <Operations>
      <Operation GrantedOperations="1613987495" ObjectTypeID="1" />
      <Operation GrantedOperations="805446679" ObjectTypeID="2" />
      <Operation GrantedOperations="1" ObjectTypeID="4" />
      <Operation GrantedOperations="1" ObjectTypeID="6" />
      <Operation GrantedOperations="140311" ObjectTypeID="7" />
      <Operation GrantedOperations="1031" ObjectTypeID="15" />
      <Operation GrantedOperations="1047" ObjectTypeID="21" />
      <Operation GrantedOperations="805307415" ObjectTypeID="22" />
      <Operation GrantedOperations="805307399" ObjectTypeID="30" />
      <Operation GrantedOperations="805448727" ObjectTypeID="31" />
      <Operation GrantedOperations="1047" ObjectTypeID="32" />
      <Operation GrantedOperations="805307399" ObjectTypeID="33" />
      <Operation GrantedOperations="1" ObjectTypeID="36" />
      <Operation GrantedOperations="1" ObjectTypeID="38" />
      <Operation GrantedOperations="9" ObjectTypeID="42" />
      <Operation GrantedOperations="1048585" ObjectTypeID="43" />
      <Operation GrantedOperations="1" ObjectTypeID="45" />
      <Operation GrantedOperations="1" ObjectTypeID="46" />
      <Operation GrantedOperations="805307399" ObjectTypeID="55" />
      <Operation GrantedOperations="1047" ObjectTypeID="203" />
      <Operation GrantedOperations="142359" ObjectTypeID="224" />
      <Operation GrantedOperations="1031" ObjectTypeID="226" />
    </Operations>
  </SMS_Role>
</SMS_Roles>
